ID,Name
10098,Student_0
10256,Student_1
10525,Student_2
10550,Student_3
10561,Student_4
10798,Student_5
11032,Student_6
11078,Student_7
11334,Student_8
11493,Student_9
11709,Student_10
11767,Student_11
11790,Student_12
11903,Student_13
12028,Student_14
12206,Student_15
12236,Student_16
12261,Student_17
12265,Student_18
12316,Student_19
12370,Student_20
12493,Student_21
12538,Student_22
12687,Student_23
12830,Student_24
12951,Student_25
12998,Student_26
13001,Student_27
13016,Student_28
13026,Student_29
13045,Student_30
13172,Student_31
13262,Student_32
13374,Student_33
13438,Student_34
13663,Student_35
13737,Student_36
13838,Student_37
13912,Student_38
14033,Student_39
14087,Student_40
14128,Student_41
14242,Student_42
14445,Student_43
14493,Student_44
14543,Student_45
14582,Student_46
14590,Student_47
14722,Student_48
14809,Student_49
14843,Student_50
14928,Student_51
14952,Student_52
14957,Student_53
15080,Student_54
15251,Student_55
15266,Student_56
15334,Student_57
15381,Student_58
15388,Student_59
15427,Student_60
15448,Student_61
15644,Student_62
15761,Student_63
15801,Student_64
15906,Student_65
16001,Student_66
16298,Student_67
16367,Student_68
16597,Student_69
16603,Student_70
16689,Student_71
16707,Student_72
16732,Student_73
17000,Student_74
17015,Student_75
17046,Student_76
17261,Student_77
17307,Student_78
17386,Student_79
17423,Student_80
17433,Student_81
18057,Student_82
18095,Student_83
18099,Student_84
18158,Student_85
18161,Student_86
18171,Student_87
18245,Student_88
18456,Student_89
18504,Student_90
18757,Student_91
18953,Student_92
19143,Student_93
19168,Student_94
19404,Student_95
19406,Student_96
19413,Student_97
19513,Student_98
19564,Student_99
19766,Student_100
19904,Student_101
20137,Student_102
20315,Student_103
20349,Student_104
20390,Student_105
20470,Student_106
20553,Student_107
20569,Student_108
20606,Student_109
20617,Student_110
20630,Student_111
20700,Student_112
20702,Student_113
20782,Student_114
20813,Student_115
20820,Student_116
21115,Student_117
21139,Student_118
21266,Student_119
21429,Student_120
21531,Student_121
21640,Student_122
21661,Student_123
21667,Student_124
21719,Student_125
22083,Student_126
22110,Student_127
22141,Student_128
22184,Student_129
22249,Student_130
22275,Student_131
22393,Student_132
22582,Student_133
22656,Student_134
22686,Student_135
22728,Student_136
22740,Student_137
22742,Student_138
22767,Student_139
22800,Student_140
22839,Student_141
22916,Student_142
22972,Student_143
23019,Student_144
23069,Student_145
23072,Student_146
23138,Student_147
23160,Student_148
23372,Student_149
23447,Student_150
23465,Student_151
23592,Student_152
23598,Student_153
23736,Student_154
23799,Student_155
23858,Student_156
23959,Student_157
24016,Student_158
24076,Student_159
24244,Student_160
24365,Student_161
24377,Student_162
24443,Student_163
24459,Student_164
24576,Student_165
24596,Student_166
24721,Student_167
24817,Student_168
24823,Student_169
25005,Student_170
25060,Student_171
25092,Student_172
25219,Student_173
25358,Student_174
25492,Student_175
25852,Student_176
26076,Student_177
26176,Student_178
26250,Student_179
26332,Student_180
26583,Student_181
26637,Student_182
26776,Student_183
26901,Student_184
26913,Student_185
26970,Student_186
27050,Student_187
27085,Student_188
27214,Student_189
27220,Student_190
27224,Student_191
27302,Student_192
27561,Student_193
27742,Student_194
27948,Student_195
28157,Student_196
28172,Student_197
28351,Student_198
28510,Student_199
28539,Student_200
28548,Student_201
28707,Student_202
28786,Student_203
28814,Student_204
28902,Student_205
28997,Student_206
29190,Student_207
29397,Student_208
29432,Student_209
29481,Student_210
29841,Student_211
29843,Student_212
30223,Student_213
30261,Student_214
30326,Student_215
30390,Student_216
30437,Student_217
30514,Student_218
30612,Student_219
30853,Student_220
30891,Student_221
30901,Student_222
31009,Student_223
31025,Student_224
31099,Student_225
31230,Student_226
31428,Student_227
31444,Student_228
31565,Student_229
31683,Student_230
31735,Student_231
31766,Student_232
32181,Student_233
32256,Student_234
32302,Student_235
32443,Student_236
32451,Student_237
32497,Student_238
32553,Student_239
32846,Student_240
32866,Student_241
33090,Student_242
33096,Student_243
33125,Student_244
33302,Student_245
33401,Student_246
33511,Student_247
33638,Student_248
33685,Student_249
33773,Student_250
33824,Student_251
33847,Student_252
33865,Student_253
33894,Student_254
34021,Student_255
34098,Student_256
34129,Student_257
34284,Student_258
34293,Student_259
34379,Student_260
34475,Student_261
34938,Student_262
34979,Student_263
35177,Student_264
35310,Student_265
35352,Student_266
35519,Student_267
35843,Student_268
35869,Student_269
35896,Student_270
35899,Student_271
35917,Student_272
36364,Student_273
36468,Student_274
36706,Student_275
36779,Student_276
36795,Student_277
36871,Student_278
36897,Student_279
36899,Student_280
36901,Student_281
36914,Student_282
36929,Student_283
37013,Student_284
37078,Student_285
37124,Student_286
37572,Student_287
37599,Student_288
37619,Student_289
37719,Student_290
37902,Student_291
38093,Student_292
38153,Student_293
38298,Student_294
38306,Student_295
38338,Student_296
38380,Student_297
38397,Student_298
38446,Student_299
38588,Student_300
38768,Student_301
38918,Student_302
38982,Student_303
38998,Student_304
39042,Student_305
39132,Student_306
39139,Student_307
39219,Student_308
39306,Student_309
39324,Student_310
39357,Student_311
39365,Student_312
39395,Student_313
39407,Student_314
39455,Student_315
39703,Student_316
39780,Student_317
39825,Student_318
39965,Student_319
40001,Student_320
40047,Student_321
40095,Student_322
40160,Student_323
40164,Student_324
40321,Student_325
40364,Student_326
40382,Student_327
40395,Student_328
40534,Student_329
40536,Student_330
40596,Student_331
40669,Student_332
40700,Student_333
40749,Student_334
40766,Student_335
40857,Student_336
41200,Student_337
41217,Student_338
41249,Student_339
41361,Student_340
41368,Student_341
41400,Student_342
41433,Student_343
41468,Student_344
41491,Student_345
41587,Student_346
41645,Student_347
41707,Student_348
41748,Student_349
41806,Student_350
41859,Student_351
41900,Student_352
41965,Student_353
42159,Student_354
42177,Student_355
42278,Student_356
42327,Student_357
42381,Student_358
42485,Student_359
42550,Student_360
42561,Student_361
42602,Student_362
42625,Student_363
42749,Student_364
42788,Student_365
42897,Student_366
43113,Student_367
43346,Student_368
43457,Student_369
43556,Student_370
43969,Student_371
43982,Student_372
44079,Student_373
44085,Student_374
44093,Student_375
44137,Student_376
44244,Student_377
44408,Student_378
44480,Student_379
44486,Student_380
44647,Student_381
44657,Student_382
44712,Student_383
44808,Student_384
44832,Student_385
44916,Student_386
45114,Student_387
45440,Student_388
45482,Student_389
45904,Student_390
45910,Student_391
46044,Student_392
46085,Student_393
46197,Student_394
46249,Student_395
46350,Student_396
46369,Student_397
46400,Student_398
46503,Student_399
46550,Student_400
46705,Student_401
46767,Student_402
46787,Student_403
46859,Student_404
47085,Student_405
47091,Student_406
47181,Student_407
47355,Student_408
47395,Student_409
47446,Student_410
47461,Student_411
47507,Student_412
47558,Student_413
47626,Student_414
47658,Student_415
47681,Student_416
47703,Student_417
47755,Student_418
47870,Student_419
47907,Student_420
48021,Student_421
48104,Student_422
48325,Student_423
48378,Student_424
48404,Student_425
48429,Student_426
48463,Student_427
48529,Student_428
48544,Student_429
48606,Student_430
48655,Student_431
48848,Student_432
49002,Student_433
49146,Student_434
49176,Student_435
49230,Student_436
49288,Student_437
49308,Student_438
49416,Student_439
49439,Student_440
49471,Student_441
49519,Student_442
49623,Student_443
49651,Student_444
49753,Student_445
49780,Student_446
49825,Student_447
49831,Student_448
49958,Student_449
49998,Student_450
50033,Student_451
50055,Student_452
50056,Student_453
50061,Student_454
50188,Student_455
50266,Student_456
50328,Student_457
50409,Student_458
50438,Student_459
50467,Student_460
50522,Student_461
50646,Student_462
50668,Student_463
50959,Student_464
51019,Student_465
51310,Student_466
51591,Student_467
51609,Student_468
51626,Student_469
51650,Student_470
51713,Student_471
51806,Student_472
51838,Student_473
51992,Student_474
52311,Student_475
52359,Student_476
52360,Student_477
52420,Student_478
52477,Student_479
52594,Student_480
52650,Student_481
52669,Student_482
52703,Student_483
52772,Student_484
52836,Student_485
52937,Student_486
53115,Student_487
53160,Student_488
53167,Student_489
53230,Student_490
53282,Student_491
53294,Student_492
53360,Student_493
53434,Student_494
53436,Student_495
53526,Student_496
53627,Student_497
53726,Student_498
53800,Student_499
53941,Student_500
54019,Student_501
54020,Student_502
54116,Student_503
54167,Student_504
54350,Student_505
54406,Student_506
54519,Student_507
54859,Student_508
54860,Student_509
54931,Student_510
54988,Student_511
55037,Student_512
55131,Student_513
55179,Student_514
55180,Student_515
55190,Student_516
55272,Student_517
55304,Student_518
55508,Student_519
55527,Student_520
55686,Student_521
55738,Student_522
56020,Student_523
56046,Student_524
56064,Student_525
56175,Student_526
56231,Student_527
56410,Student_528
56466,Student_529
56491,Student_530
56663,Student_531
56671,Student_532
56768,Student_533
56778,Student_534
56823,Student_535
56872,Student_536
56932,Student_537
56961,Student_538
57012,Student_539
57037,Student_540
57125,Student_541
57130,Student_542
57255,Student_543
57319,Student_544
57389,Student_545
57824,Student_546
57838,Student_547
57899,Student_548
58158,Student_549
58290,Student_550
58363,Student_551
58417,Student_552
58473,Student_553
58503,Student_554
58654,Student_555
58754,Student_556
58848,Student_557
58865,Student_558
58954,Student_559
59003,Student_560
59130,Student_561
59152,Student_562
59179,Student_563
59345,Student_564
59389,Student_565
59404,Student_566
59533,Student_567
59698,Student_568
59710,Student_569
59799,Student_570
59832,Student_571
60187,Student_572
60201,Student_573
60246,Student_574
60256,Student_575
60265,Student_576
60454,Student_577
60539,Student_578
60578,Student_579
60612,Student_580
60803,Student_581
60840,Student_582
60862,Student_583
61048,Student_584
61131,Student_585
61208,Student_586
61297,Student_587
61423,Student_588
61437,Student_589
61540,Student_590
61553,Student_591
61656,Student_592
61715,Student_593
61759,Student_594
61785,Student_595
61804,Student_596
61864,Student_597
62107,Student_598
62357,Student_599
62377,Student_600
62573,Student_601
62666,Student_602
62708,Student_603
62721,Student_604
62928,Student_605
63071,Student_606
63211,Student_607
63247,Student_608
63516,Student_609
63596,Student_610
63703,Student_611
63705,Student_612
63881,Student_613
64019,Student_614
64050,Student_615
64377,Student_616
64486,Student_617
64527,Student_618
64781,Student_619
64787,Student_620
64875,Student_621
64976,Student_622
64992,Student_623
65137,Student_624
65153,Student_625
65244,Student_626
65276,Student_627
65349,Student_628
65554,Student_629
65591,Student_630
65611,Student_631
65645,Student_632
65664,Student_633
65740,Student_634
65903,Student_635
65914,Student_636
65972,Student_637
65979,Student_638
66009,Student_639
66112,Student_640
66361,Student_641
66374,Student_642
66482,Student_643
66643,Student_644
66674,Student_645
66687,Student_646
66712,Student_647
66769,Student_648
66848,Student_649
66914,Student_650
66957,Student_651
67024,Student_652
67116,Student_653
67259,Student_654
67266,Student_655
67322,Student_656
67359,Student_657
67384,Student_658
67411,Student_659
67446,Student_660
67503,Student_661
67505,Student_662
67544,Student_663
67552,Student_664
67830,Student_665
68084,Student_666
68092,Student_667
68117,Student_668
68334,Student_669
68343,Student_670
68536,Student_671
68546,Student_672
68671,Student_673
68775,Student_674
68802,Student_675
68826,Student_676
68835,Student_677
68922,Student_678
69163,Student_679
69191,Student_680
69266,Student_681
69294,Student_682
69331,Student_683
69346,Student_684
69493,Student_685
69712,Student_686
69747,Student_687
69873,Student_688
70025,Student_689
70073,Student_690
70182,Student_691
70241,Student_692
70341,Student_693
70359,Student_694
70429,Student_695
70495,Student_696
70631,Student_697
70713,Student_698
70825,Student_699
70882,Student_700
70885,Student_701
71020,Student_702
71032,Student_703
71097,Student_704
71165,Student_705
71269,Student_706
71313,Student_707
71322,Student_708
71358,Student_709
71395,Student_710
71474,Student_711
71703,Student_712
71837,Student_713
71896,Student_714
71910,Student_715
71951,Student_716
72165,Student_717
72194,Student_718
72503,Student_719
72510,Student_720
72557,Student_721
72844,Student_722
72897,Student_723
72901,Student_724
72917,Student_725
73040,Student_726
73136,Student_727
73139,Student_728
73360,Student_729
73667,Student_730
73718,Student_731
73750,Student_732
73760,Student_733
74018,Student_734
74045,Student_735
74090,Student_736
74164,Student_737
74241,Student_738
74250,Student_739
74324,Student_740
74359,Student_741
74675,Student_742
74680,Student_743
74869,Student_744
74948,Student_745
74961,Student_746
75047,Student_747
75131,Student_748
75371,Student_749
75420,Student_750
75716,Student_751
75737,Student_752
75765,Student_753
76089,Student_754
76238,Student_755
76273,Student_756
76304,Student_757
76310,Student_758
76460,Student_759
76468,Student_760
76502,Student_761
76584,Student_762
76718,Student_763
77037,Student_764
77048,Student_765
77059,Student_766
77082,Student_767
77163,Student_768
77205,Student_769
77398,Student_770
77418,Student_771
77448,Student_772
77464,Student_773
77661,Student_774
77666,Student_775
77830,Student_776
78095,Student_777
78293,Student_778
78344,Student_779
78410,Student_780
78443,Student_781
78456,Student_782
78475,Student_783
78514,Student_784
78643,Student_785
79013,Student_786
79089,Student_787
79219,Student_788
79239,Student_789
79256,Student_790
79347,Student_791
79449,Student_792
79610,Student_793
79719,Student_794
79862,Student_795
79975,Student_796
80030,Student_797
80103,Student_798
80133,Student_799
80144,Student_800
80406,Student_801
80583,Student_802
80717,Student_803
80724,Student_804
80759,Student_805
80805,Student_806
81026,Student_807
81161,Student_808
81168,Student_809
81202,Student_810
81243,Student_811
81370,Student_812
81422,Student_813
81445,Student_814
81509,Student_815
81564,Student_816
81577,Student_817
81721,Student_818
82042,Student_819
82073,Student_820
82111,Student_821
82180,Student_822
82193,Student_823
82194,Student_824
82609,Student_825
82695,Student_826
82711,Student_827
82800,Student_828
83131,Student_829
83154,Student_830
83315,Student_831
83340,Student_832
83376,Student_833
83414,Student_834
83423,Student_835
83456,Student_836
83499,Student_837
83604,Student_838
83608,Student_839
83815,Student_840
83831,Student_841
83847,Student_842
83861,Student_843
83895,Student_844
83934,Student_845
84218,Student_846
84282,Student_847
84293,Student_848
84296,Student_849
84408,Student_850
84469,Student_851
84675,Student_852
84838,Student_853
85042,Student_854
85076,Student_855
85177,Student_856
85208,Student_857
85480,Student_858
85664,Student_859
85674,Student_860
85709,Student_861
85843,Student_862
85969,Student_863
86136,Student_864
86198,Student_865
86238,Student_866
86483,Student_867
86555,Student_868
86559,Student_869
86664,Student_870
86733,Student_871
86791,Student_872
86874,Student_873
86887,Student_874
86973,Student_875
87231,Student_876
87265,Student_877
87304,Student_878
87403,Student_879
87498,Student_880
87560,Student_881
87793,Student_882
88123,Student_883
88316,Student_884
88415,Student_885
88630,Student_886
88676,Student_887
88802,Student_888
89076,Student_889
89110,Student_890
89124,Student_891
89133,Student_892
89219,Student_893
89296,Student_894
89696,Student_895
89715,Student_896
89835,Student_897
89903,Student_898
89975,Student_899
90047,Student_900
90155,Student_901
90164,Student_902
90208,Student_903
90291,Student_904
90636,Student_905
90686,Student_906
90753,Student_907
90963,Student_908
91031,Student_909
91111,Student_910
91405,Student_911
91559,Student_912
91578,Student_913
91579,Student_914
91625,Student_915
91799,Student_916
91820,Student_917
91885,Student_918
91891,Student_919
92044,Student_920
92083,Student_921
92099,Student_922
92230,Student_923
92254,Student_924
92306,Student_925
92390,Student_926
92505,Student_927
92672,Student_928
92906,Student_929
93107,Student_930
93204,Student_931
93315,Student_932
93337,Student_933
93371,Student_934
93574,Student_935
93666,Student_936
93671,Student_937
93971,Student_938
94019,Student_939
94025,Student_940
94042,Student_941
94382,Student_942
94688,Student_943
94901,Student_944
94905,Student_945
95048,Student_946
95102,Student_947
95118,Student_948
95162,Student_949
95676,Student_950
95830,Student_951
95844,Student_952
95891,Student_953
96153,Student_954
96173,Student_955
96336,Student_956
96340,Student_957
96611,Student_958
96629,Student_959
96693,Student_960
96735,Student_961
96797,Student_962
96906,Student_963
97089,Student_964
97167,Student_965
97388,Student_966
97453,Student_967
97462,Student_968
97552,Student_969
97574,Student_970
97622,Student_971
97678,Student_972
97747,Student_973
97863,Student_974
98042,Student_975
98170,Student_976
98193,Student_977
98216,Student_978
98236,Student_979
98288,Student_980
98402,Student_981
98426,Student_982
98435,Student_983
98448,Student_984
98624,Student_985
98702,Student_986
98745,Student_987
98859,Student_988
98900,Student_989
99017,Student_990
99241,Student_991
99339,Student_992
99375,Student_993
99396,Student_994
99666,Student_995
99702,Student_996
99745,Student_997
99831,Student_998
99993,Student_999
